{
  "$schema": "https://schema.management.azure.com/schemas/2015-01-01/deploymentTemplate.json#",
  "contentVersion": "1.0.0.0",
  "parameters": {
    "alias": {
      "type": "string",
      "metadata": {
        "description": "Enter your Microsoft Alias."
      }
    }
  },
  "variables": {
    "vNet1": {
      "name": "[Concat(parameters('alias'),'-vnet1')]",
      "addressSpacePrefix": "10.10.0.0/16",
      "subnet1Name": "DMZ",
      "subnet1Prefix": "10.10.1.0/24",
      "subnet2Name": "Web",
      "subnet2Prefix": "10.10.2.0/24",
      "subnet3Name": "App",
      "subnet3Prefix": "10.10.3.0/24",
      "subnet4Name": "Data",
      "subnet4Prefix": "10.10.4.0/24",
      "subnet5Name": "Identity",
      "subnet5Prefix": "10.10.5.0/24",
      "subnet6Name": "Management",
      "subnet6Prefix": "10.10.6.0/24",
      "gatewaySubnetPrefix": "10.10.7.0/27",
      "gatewayName": "[concat(parameters('alias'),'-vnet1-GW')]",
      "gatewayPublicIPName": "[concat(parameters('alias'),'-vnet1-GWIP')]",
      "asn": 65031,
      "location": "East US"
    }
  },
  "resources": [

    {
      "apiVersion": "2015-06-15",
      "type": "Microsoft.Network/networkSecurityGroups",
      "name": "[concat(parameters('alias'),variables('vNet1').subnet1name,'NSG01')]",
      "location": "[variables('vNet1').location]",
      "tags": {
        "Environment": "Production",
        "Owner": "Network Team"
      },
      "properties": {
        "securityRules": [

        ]
      }
    },
    {
      "apiVersion": "2015-06-15",
      "type": "Microsoft.Network/networkSecurityGroups",
      "name": "[concat(parameters('alias'),variables('vNet1').subnet2name,'NSG01')]",
      "location": "[variables('vNet1').location]",
      "tags": {
        "Environment": "Production",
        "Owner": "Network Team"
      },
      "properties": {
        "securityRules": [
          {
            "name": "Allow-webserver-80-rule",
            "properties": {
              "description": "Allow RDP",
              "protocol": "Tcp",
              "sourcePortRange": "*",
              "destinationPortRange": "80",
              "sourceAddressPrefix": "Internet",
              "destinationAddressPrefix": "*",
              "access": "Allow",
              "priority": 100,
              "direction": "Inbound"
            }
          },
          {
            "name": "Allow-webserver-443-rule",
            "properties": {
              "description": "Allow RDP",
              "protocol": "Tcp",
              "sourcePortRange": "*",
              "destinationPortRange": "443",
              "sourceAddressPrefix": "Internet",
              "destinationAddressPrefix": "*",
              "access": "Allow",
              "priority": 200,
              "direction": "Inbound"
            }
          }

        ]
      }
    },
    {
      "apiVersion": "2015-06-15",
      "type": "Microsoft.Network/networkSecurityGroups",
      "name": "[concat(parameters('alias'),variables('vNet1').subnet3name,'NSG01')]",
      "location": "[variables('vNet1').location]",
      "tags": {
        "Environment": "Production",
        "Owner": "Network Team"
      },
      "properties": {
        "securityRules": [
          
        ]
      }
    },

    {
      "apiVersion": "2015-06-15",
      "type": "Microsoft.Network/networkSecurityGroups",
      "name": "[concat(parameters('alias'),variables('vNet1').subnet4name,'NSG01')]",
      "location": "[variables('vNet1').location]",
      "tags": {
        "Environment": "Production",
        "Owner": "Network Team"
      },
      "properties": {
        "securityRules": [
        ]
      }
    },
    {
      "apiVersion": "2015-06-15",
      "type": "Microsoft.Network/networkSecurityGroups",
      "name": "[concat(parameters('alias'),variables('vNet1').subnet5name,'NSG01')]",
      "location": "[variables('vNet1').location]",
      "tags": {
        "Environment": "Production",
        "Owner": "Network Team"
      },
      "properties": {
        "securityRules": [
        ]
      }
    },
    {
      "apiVersion": "2015-06-15",
      "type": "Microsoft.Network/networkSecurityGroups",
      "name": "[concat(parameters('alias'),variables('vNet1').subnet6name,'NSG01')]",
      "location": "[variables('vNet1').location]",
      "tags": {
        "Environment": "Production",
        "Owner": "Network Team"
      },
      "properties": {
        "securityRules": [
          {
            "name": "rdp-rule",
            "properties": {
              "description": "Allow RDP",
              "protocol": "Tcp",
              "sourcePortRange": "*",
              "destinationPortRange": "3389",
              "sourceAddressPrefix": "Internet",
              "destinationAddressPrefix": "*",
              "access": "Allow",
              "priority": 100,
              "direction": "Inbound"
            }
          }

        ]
      }
    },
    {
      "apiVersion": "2016-03-30",
      "type": "Microsoft.Network/virtualNetworks",
      "name": "[variables('vNet1').name]",
      "location": "[variables('vNet1').location]",
      "comments": "This is the first vNet",
      "dependsOn": [
        "[resourceId('Microsoft.Network/networkSecurityGroups',concat(parameters('alias'),variables('vNet1').subnet1name,'NSG01'))]",
        "[resourceId('Microsoft.Network/networkSecurityGroups',concat(parameters('alias'),variables('vNet1').subnet2name,'NSG01'))]",
        "[resourceId('Microsoft.Network/networkSecurityGroups',concat(parameters('alias'),variables('vNet1').subnet3name,'NSG01'))]",
        "[resourceId('Microsoft.Network/networkSecurityGroups',concat(parameters('alias'),variables('vNet1').subnet4name,'NSG01'))]",
        "[resourceId('Microsoft.Network/networkSecurityGroups',concat(parameters('alias'),variables('vNet1').subnet5name,'NSG01'))]",
        "[resourceId('Microsoft.Network/networkSecurityGroups',concat(parameters('alias'),variables('vNet1').subnet6name,'NSG01'))]"

      ],
      "tags": {
        "Environment": "Production",
        "Owner": "Network Team"
      },
      "properties": {
        "addressSpace": {
          "addressPrefixes": [
            "[variables('vNet1').addressSpacePrefix]"
          ]
        },
        "subnets": [
          {
            "name": "[variables('vNet1').subnet1Name]",
            "properties": {
              "addressPrefix": "[variables('vNet1').subnet1Prefix]",
              "networkSecurityGroup": {
                "id": "[resourceId('Microsoft.Network/networkSecurityGroups',concat(parameters('alias'),variables('vNet1').subnet1name,'NSG01'))]"
              }
            }

          },
          {
            "name": "[variables('vNet1').subnet2Name]",
            "properties": {
              "addressPrefix": "[variables('vNet1').subnet2Prefix]",
              "networkSecurityGroup": {
                "id": "[resourceId('Microsoft.Network/networkSecurityGroups',concat(parameters('alias'),variables('vNet1').subnet2name,'NSG01'))]"
              }
            }


          },
          {
            "name": "[variables('vNet1').subnet3Name]",
            "properties": {
              "addressPrefix": "[variables('vNet1').subnet3Prefix]",
              "networkSecurityGroup": {
                "id": "[resourceId('Microsoft.Network/networkSecurityGroups',concat(parameters('alias'),variables('vNet1').subnet3name,'NSG01'))]"
              }
            }
          },
          {
            "name": "[variables('vNet1').subnet4Name]",
            "properties": {
              "addressPrefix": "[variables('vNet1').subnet4Prefix]",
              "networkSecurityGroup": {
                "id": "[resourceId('Microsoft.Network/networkSecurityGroups',concat(parameters('alias'),variables('vNet1').subnet4name,'NSG01'))]"
              }
            }
          },
          {
            "name": "[variables('vNet1').subnet5Name]",
            "properties": {
              "addressPrefix": "[variables('vNet1').subnet5Prefix]",
              "networkSecurityGroup": {
                "id": "[resourceId('Microsoft.Network/networkSecurityGroups',concat(parameters('alias'),variables('vNet1').subnet5name,'NSG01'))]"
              }
            }
          },
          {
            "name": "[variables('vNet1').subnet6Name]",
            "properties": {
              "addressPrefix": "[variables('vNet1').subnet6Prefix]",
              "networkSecurityGroup": {
                "id": "[resourceId('Microsoft.Network/networkSecurityGroups',concat(parameters('alias'),variables('vNet1').subnet6name,'NSG01'))]"
              }
            }
          },
          {
            "name": "GatewaySubnet",
            "properties": {
              "addressPrefix": "[variables('vNet1').gatewaySubnetPrefix]"
            }
          }
        ]
      }
    }
  ],
  "outputs": {
    "result": {
      "value": "[concat('Created Vnet ---------->',variables('vNet1').name)]",
      "type": "string"

    }
  }
}
