{
    "$schema": "http://schema.management.azure.com/schemas/2015-01-01/deploymentParameters.json#",
    "contentVersion": "1.0.0.0",
    "parameters": {
        "siteName": {
            "value": "ToDoApp{UNIQUE}"
        },
        "hostingPlanName": {
            "value": "ASP{UNIQUE}"
        },
        "siteLocation": {
            "value": "{LOCATION}"
        },
        "repoUrl": {
            "value": "{REPO}"
        },
        "branch": {
            "value": "{BRANCH}"
        },
        "sqlServerName": {
            "value": "todoappsql-{UNIQUE}"
        },
        "sqlDbName": {
            "value": "DemosDB"
        },
        "slotName": {
            "value": "{SLOT}"
        }
    }
}