{
    "siteName": {
        "value": "ToDoApp{UNIQUE}"
    },
    "hostingPlanName": {
        "value": "ASP{UNIQUE}"
    },
    "siteLocation": {
        "value": "{LOCATION}"
    },
    "repoUrl": {
        "value": "{REPO}"
    },
    "branch": {
        "value": "{BRANCH}"
    },
    "sqlServerName": {
        "value": "todoappsql-{UNIQUE}"
    },
    "sqlServerAdminLogin": {
        "value": "{USERNAME}"
    },
    "sqlServerAdminPassword": {
        "value": "{PASSWORD}"
    },
    "sqlDbName": {
        "value": "DemosDB"
    }
}