﻿{
  "$schema": "https://schema.management.azure.com/schemas/2015-01-01/deploymentTemplate.json#",
  "contentVersion": "1.0.0.0",
  "parameters": {
    "alias": {
      "type": "string",
      "metadata": {
        "description": "The shared key used to establish connection between the two vNet Gateways."
      }
    },
    "adminusername": {
      "type": "string",
      "metadata": {
        "description": "The shared key used to establish connection between the two vNet Gateways."
      }
    },
    "adminpassword": {
      "type": "securestring",
      "metadata": {
        "description": "The shared key used to establish connection between the two vNet Gateways."
      }
    }

  },
  "variables": {
    "jumpboxvm1": {
      "name": "[concat(parameters('alias'),'-prodjb')]",
      "size": "Standard_F1",
      "location": "East US",
      "storagetype": "Standard_LRS",
      "avname": "[concat(parameters('alias'),'-prodjbavset')]",
      "storageaccount": "[concat(parameters('alias'),take(uniqueString(resourceGroup().id),2),'prodsta')]",
      "ip": "10.10.6.4",
      "imagePublisher": "MicrosoftWindowsServer",
      "imageOffer": "WindowsServer",
      "imagesku": "2016-Datacenter",
      "datadisk1size": "100",
      "diagstaccount": "[concat(parameters('alias'),take(uniqueString(resourceGroup().id),2),'diagdrsta01')]"
    },
    "jumpboxvm2": {
      "name": "[concat(parameters('alias'),'-drjb')]",
      "size": "Standard_F1",
      "location": "west US2",
      "storagetype": "Standard_LRS",
      "avname": "[concat(parameters('alias'),'-drjbavset')]",
      "storageaccount": "[concat(parameters('alias'),take(uniqueString(resourceGroup().id),2),'devsta')]",
      "ip": "10.20.6.4",
      "imagePublisher": "MicrosoftWindowsServer",
      "imageOffer": "WindowsServer",
      "imagesku": "2016-Datacenter",
      "datadisk1size": "100",
      "diagstaccount": "[concat(parameters('alias'),take(uniqueString(resourceGroup().id),2),'diagsta02')]"
    },
    "jumpboxvm3": {
      "name": "[concat(parameters('alias'),'-testjb')]",
      "size": "Standard_F1",
      "location": "East US",
      "storagetype": "Standard_LRS",
      "avname": "[concat(parameters('alias'),'-testjbavset')]",
      "storageaccount": "[concat(parameters('alias'),take(uniqueString(resourceGroup().id),4),'sta')]",
      "ip": "10.30.6.4",
      "imagePublisher": "MicrosoftWindowsServer",
      "imageOffer": "WindowsServer",
      "imagesku": "2016-Datacenter",
      "datadisk1size": "100"

    },

    "vnet1rg": "[concat(parameters('alias'),'-network-rg')]",
    "vnet1name": "[Concat(parameters('alias'),'-vnet1')]",
    "vnet1Ref": "[resourceId(variables('vNet1rg'),'Microsoft.Network/virtualNetworks',variables('vNet1name'))]",
    "Subnet1Ref": "[concat(variables('vnet1Ref'),'/subnets/','Management')]",

    "vnet2name": "[Concat(parameters('alias'),'-vnet2')]",
    "vnet2Ref": "[resourceId(variables('vNet1rg'),'Microsoft.Network/virtualNetworks',variables('vNet2name'))]",
    "Subnet2Ref": "[concat(variables('vnet2Ref'),'/subnets/','Management')]",

    "vnet3name": "[Concat(parameters('alias'),'-vnet3')]",
    "vnet3Ref": "[resourceId(variables('vNet1rg'),'Microsoft.Network/virtualNetworks',variables('vNet3name'))]",
    "Subnet3Ref": "[concat(variables('vnet3Ref'),'/subnets/','Management')]",
    "diagnosticstorageaccount": "[concat(parameters('alias'),'diagstorage')]"
  },
  "resources": [

    {
      "apiVersion": "2015-06-15",
      "type": "Microsoft.Compute/availabilitySets",
      "name": "[variables('jumpboxvm1').avname]",
      "location": "[variables('jumpboxvm1').location]",
      "properties": {
        "platformFaultDomainCount": 3,
        "platformUpdateDomainCount": 3
      }

    },
    {
      "apiVersion": "2015-06-15",
      "type": "Microsoft.Compute/availabilitySets",
      "name": "[variables('jumpboxvm2').avname]",
      "location": "[variables('jumpboxvm2').location]",
      "properties": {
        "platformFaultDomainCount": 3,
        "platformUpdateDomainCount": 3
      }

    },
    {
      "apiVersion": "2015-06-15",
      "type": "Microsoft.Compute/availabilitySets",
      "name": "[variables('jumpboxvm3').avname]",
      "location": "[variables('jumpboxvm3').location]",
      "properties": {
        "platformFaultDomainCount": 3,
        "platformUpdateDomainCount": 3
      }

    },

    {
      "type": "Microsoft.Storage/storageAccounts",
      "name": "[variables('jumpboxvm1').storageaccount]",
      "apiVersion": "2015-06-15",
      "location": "[variables('jumpboxvm1').location]",
      "tags": {

      },
      "properties": {
        "accountType": "[variables('jumpboxvm1').storagetype]"
      }
    },
    {
      "type": "Microsoft.Storage/storageAccounts",
      "name": "[variables('jumpboxvm2').storageaccount]",
      "apiVersion": "2015-06-15",
      "location": "[variables('jumpboxvm2').location]",
      "tags": {

      },
      "properties": {
        "accountType": "[variables('jumpboxvm2').storagetype]"
      }
    },
    {
      "type": "Microsoft.Storage/storageAccounts",
      "name": "[variables('jumpboxvm3').storageaccount]",
      "apiVersion": "2015-06-15",
      "location": "[variables('jumpboxvm3').location]",
      "tags": {

      },
      "properties": {
        "accountType": "[variables('jumpboxvm3').storagetype]"
      }
    },
    {
      "type": "Microsoft.Storage/storageAccounts",
      "name": "[variables('jumpboxvm1').diagstaccount]",
      "apiVersion": "2015-06-15",
      "location": "[variables('jumpboxvm1').location]",
      "tags": {

      },
      "properties": {
        "accountType": "[variables('jumpboxvm1').storagetype]"
      }
    },
    {
      "type": "Microsoft.Storage/storageAccounts",
      "name": "[variables('jumpboxvm2').diagstaccount]",
      "apiVersion": "2015-06-15",
      "location": "[variables('jumpboxvm2').location]",
      "tags": {

      },
      "properties": {
        "accountType": "[variables('jumpboxvm2').storagetype]"
      }
    },
    {
      "apiVersion": "2016-03-30",
      "type": "Microsoft.Network/publicIPAddresses",
      "name": "[concat(variables('jumpboxvm1').name,'-nic01-pip01')]",
      "location": "[variables('jumpboxvm1').location]",
      "tags": {

      },
      "properties": {
        "publicIPAllocationMethod": "Dynamic",
        "dnsSettings": {
          "domainNameLabel": "[concat(variables('jumpboxvm1').name,'rdpendpoint')]"
        }
      }
    },
    {
      "apiVersion": "2016-03-30",
      "type": "Microsoft.Network/publicIPAddresses",
      "name": "[concat(variables('jumpboxvm2').name,'-nic01-pip01')]",
      "location": "[variables('jumpboxvm2').location]",
      "tags": {

      },
      "properties": {
        "publicIPAllocationMethod": "Dynamic",
        "dnsSettings": {
          "domainNameLabel": "[concat(variables('jumpboxvm2').name,'rdpendpoint')]"
        }
      }
    },
    {
      "apiVersion": "2016-03-30",
      "type": "Microsoft.Network/publicIPAddresses",
      "name": "[concat(variables('jumpboxvm3').name,'-nic01-pip01')]",
      "location": "[variables('jumpboxvm3').location]",
      "tags": {

      },
      "properties": {
        "publicIPAllocationMethod": "Dynamic",
        "dnsSettings": {
          "domainNameLabel": "[concat(variables('jumpboxvm3').name,'rdpendpoint')]"
        }
      }
    },

    {
      "apiVersion": "2016-03-30",
      "type": "Microsoft.Network/networkInterfaces",
      "name": "[concat(concat(variables('jumpboxvm1').name,'-nic01'))]",
      "location": "[variables('jumpboxvm1').location]",
      "tags": {
      },
      "dependsOn": [
        "[resourceId('Microsoft.Network/publicIPAddresses', concat(variables('jumpboxvm1').name,'-nic01-pip01'))]"

      ],
      "properties": {
        "ipConfigurations": [
          {
            "name": "ipconfig1",
            "properties": {
              "privateIPAllocationMethod": "Static",
              "privateIPAddress": "[variables('jumpboxvm1').ip]",
              "publicIPAddress": {
                "id": "[resourceId('Microsoft.Network/publicIPAddresses', concat(concat(variables('jumpboxvm1').name,'-nic01-pip01')))]"
              },
              "subnet": {
                "id": "[variables('Subnet1Ref')]"
              }


            }
          }
        ]
      }
    },

    {
      "apiVersion": "2016-03-30",
      "type": "Microsoft.Network/networkInterfaces",
      "name": "[concat(concat(variables('jumpboxvm2').name,'-nic01'))]",
      "location": "[variables('jumpboxvm2').location]",
      "tags": {
      },
      "dependsOn": [
        "[resourceId('Microsoft.Network/publicIPAddresses', concat(variables('jumpboxvm2').name,'-nic01-pip01'))]"

      ],
      "properties": {
        "ipConfigurations": [
          {
            "name": "ipconfig1",
            "properties": {
              "privateIPAllocationMethod": "Static",
              "privateIPAddress": "[variables('jumpboxvm2').ip]",
              "publicIPAddress": {
                "id": "[resourceId('Microsoft.Network/publicIPAddresses', concat(concat(variables('jumpboxvm2').name,'-nic01-pip01')))]"
              },
              "subnet": {
                "id": "[variables('Subnet2Ref')]"
              }


            }
          }
        ]
      }
    },
    {
      "apiVersion": "2016-03-30",
      "type": "Microsoft.Network/networkInterfaces",
      "name": "[concat(concat(variables('jumpboxvm3').name,'-nic01'))]",
      "location": "[variables('jumpboxvm3').location]",
      "tags": {
      },
      "dependsOn": [
        "[resourceId('Microsoft.Network/publicIPAddresses', concat(variables('jumpboxvm3').name,'-nic01-pip01'))]"

      ],
      "properties": {
        "ipConfigurations": [
          {
            "name": "ipconfig1",
            "properties": {
              "privateIPAllocationMethod": "Static",
              "privateIPAddress": "[variables('jumpboxvm3').ip]",
              "publicIPAddress": {
                "id": "[resourceId('Microsoft.Network/publicIPAddresses', concat(concat(variables('jumpboxvm3').name,'-nic01-pip01')))]"
              },
              "subnet": {
                "id": "[variables('Subnet3Ref')]"
              }


            }
          }
        ]
      }
    },





    {
      "apiVersion": "2016-04-30-preview",
      "type": "Microsoft.Compute/virtualMachines",
      "name": "[concat(variables('jumpboxvm1').name)]",
      "location": "[variables('jumpboxvm1').location]",

      "tags": {
        "Environment": "Production",
        "Owner": "Network Team"

      },

      "dependsOn": [
        "[resourceId('Microsoft.Storage/storageAccounts', variables('jumpboxvm1').storageaccount)]",
        "[resourceId('Microsoft.Network/networkInterfaces', concat(variables('jumpboxvm1').name,'-nic01'))]",
        "[resourceId('Microsoft.Compute/availabilitysets', variables('jumpboxvm1').avname)]"
      ],
      "properties": {
        "availabilitySet": {
          "id": "[resourceId('Microsoft.Compute/availabilitysets', variables('jumpboxvm1').avname)]"

        },

        "hardwareProfile": {
          "vmSize": "[variables('jumpboxvm1').size]"
        },
        "osProfile": {
          "computerName": "[concat(variables('jumpboxvm1').name)]",
          "adminUsername": "[parameters('adminUsername')]",
          "adminPassword": "[parameters('adminPassword')]"
        },
        "storageProfile": {
          "imageReference": {
            "publisher": "[variables('jumpboxvm1').imagePublisher]",
            "offer": "[variables('jumpboxvm1').imageOffer]",
            "sku": "[variables('jumpboxvm1').imagesku]",
            "version": "latest"
          },
          "osDisk": {
            "name": "osdisk",
            "vhd": {
              "uri": "[concat(reference(resourceId('Microsoft.Storage/storageAccounts', variables('jumpboxvm1').storageaccount), '2016-01-01').primaryEndpoints.blob, variables('jumpboxvm1').name, '/', variables('jumpboxvm1').name,'-osdisk', '.vhd')]"
            },
            "caching": "ReadWrite",
            "createOption": "FromImage"
          },
          "dataDisks": [
            {
              "vhd": {
                "uri": "[concat(reference(resourceId('Microsoft.Storage/storageAccounts', variables('jumpboxvm1').storageaccount), '2016-01-01').primaryEndpoints.blob,  variables('jumpboxvm1').name, '/', variables('jumpboxvm1').name,'-Datadisk01', '.vhd')]"
              },
              "name": "[concat(variables('jumpboxvm1').name, '-datadisk1.vhd')]",
              "caching": "None",
              "createOption": "Empty",
              "diskSizeGB": "[variables('jumpboxvm1').datadisk1size]",
              "lun": 0
            }
          ]
        },


        "networkProfile": {
          "networkInterfaces": [
            {
              "id": "[resourceId('Microsoft.Network/networkInterfaces',concat(variables('jumpboxvm1').name,'-nic01'))]"
            }
          ]
        },
        "diagnosticsProfile": {
          "bootDiagnostics": {
            "enabled": true,
            "storageUri": "[reference(resourceId('Microsoft.Storage/storageAccounts', variables('jumpboxvm1').diagstaccount), '2016-01-01').primaryEndpoints.blob]"
          }
        }
      },
      "resources": [

        {
          "apiVersion": "2016-04-30-preview",
          "dependsOn": [
            "[concat('Microsoft.Compute/virtualMachines/', variables('jumpboxvm1').name)]"
          ],
          "location": "[variables('jumpboxvm1').location]",
          "name": "MicrosoftAntimalware",
          "properties": {
            "publisher": "Microsoft.Azure.Security",
            "type": "IaaSAntimalware",
            "typeHandlerVersion": "1.5",
            "settings": {
              "AntimalwareEnabled": "true",
              "RealtimeProtectionEnabled": "true",
              "ScheduledScanSettingsDay": "Saturday",
              "ScheduledScanSettingsIsEnabled": "True",
              "ScheduledScanSettingsScanType": "Full",
              "ScheduledScanSettingsTime": "440"
            }
          },
          "tags": {

          },
          "type": "extensions"
        }




      ]

    },
    {
      "apiVersion": "2016-04-30-preview",
      "type": "Microsoft.Compute/virtualMachines",
      "name": "[concat(variables('jumpboxvm2').name)]",
      "location": "[variables('jumpboxvm2').location]",

      "tags": {
        "Environment": "DR",
        "Owner": "Network Team"

      },

      "dependsOn": [
        "[resourceId('Microsoft.Storage/storageAccounts', variables('jumpboxvm2').storageaccount)]",
        "[resourceId('Microsoft.Network/networkInterfaces', concat(variables('jumpboxvm2').name,'-nic01'))]",
        "[resourceId('Microsoft.Compute/availabilitysets', variables('jumpboxvm2').avname)]"
      ],
      "properties": {
        "availabilitySet": {
          "id": "[resourceId('Microsoft.Compute/availabilitysets', variables('jumpboxvm2').avname)]"

        },

        "hardwareProfile": {
          "vmSize": "[variables('jumpboxvm2').size]"
        },
        "osProfile": {
          "computerName": "[concat(variables('jumpboxvm2').name)]",
          "adminUsername": "[parameters('adminUsername')]",
          "adminPassword": "[parameters('adminPassword')]"
        },
        "storageProfile": {
          "imageReference": {
            "publisher": "[variables('jumpboxvm2').imagePublisher]",
            "offer": "[variables('jumpboxvm2').imageOffer]",
            "sku": "[variables('jumpboxvm2').imagesku]",
            "version": "latest"
          },
          "osDisk": {
            "name": "osdisk",
            "vhd": {
              "uri": "[concat(reference(resourceId('Microsoft.Storage/storageAccounts', variables('jumpboxvm2').storageaccount), '2016-01-01').primaryEndpoints.blob, variables('jumpboxvm2').name, '/', variables('jumpboxvm2').name,'-osdisk', '.vhd')]"
            },
            "caching": "ReadWrite",
            "createOption": "FromImage"
          },
          "dataDisks": [
            {
              "vhd": {
                "uri": "[concat(reference(resourceId('Microsoft.Storage/storageAccounts', variables('jumpboxvm2').storageaccount), '2016-01-01').primaryEndpoints.blob,  variables('jumpboxvm2').name, '/', variables('jumpboxvm2').name,'-Datadisk01', '.vhd')]"
              },
              "name": "[concat(variables('jumpboxvm2').name, '-datadisk1.vhd')]",
              "caching": "None",
              "createOption": "Empty",
              "diskSizeGB": "[variables('jumpboxvm2').datadisk1size]",
              "lun": 0
            }
          ]
        },


        "networkProfile": {
          "networkInterfaces": [
            {
              "id": "[resourceId('Microsoft.Network/networkInterfaces',concat(variables('jumpboxvm2').name,'-nic01'))]"
            }
          ]
        },
        "diagnosticsProfile": {
          "bootDiagnostics": {
            "enabled": true,
            "storageUri": "[reference(resourceId('Microsoft.Storage/storageAccounts', variables('jumpboxvm2').diagstaccount), '2016-01-01').primaryEndpoints.blob]"
          }
        }
      },
      "resources": [

        {
          "apiVersion": "2016-04-30-preview",
          "dependsOn": [
            "[concat('Microsoft.Compute/virtualMachines/', variables('jumpboxvm2').name)]"
          ],
          "location": "[variables('jumpboxvm2').location]",
          "name": "MicrosoftAntimalware",
          "properties": {
            "publisher": "Microsoft.Azure.Security",
            "type": "IaaSAntimalware",
            "typeHandlerVersion": "1.5",
            "settings": {
              "AntimalwareEnabled": "true",
              "RealtimeProtectionEnabled": "true",
              "ScheduledScanSettingsDay": "Saturday",
              "ScheduledScanSettingsIsEnabled": "True",
              "ScheduledScanSettingsScanType": "Full",
              "ScheduledScanSettingsTime": "440"
            }
          },
          "tags": {

          },
          "type": "extensions"
        }




      ]

    },
    {
      "apiVersion": "2016-04-30-preview",
      "type": "Microsoft.Compute/virtualMachines",
      "name": "[concat(variables('jumpboxvm3').name)]",
      "location": "[variables('jumpboxvm3').location]",

      "tags": {
        "Environment": "Dev/Test",
        "Owner": "Network Team"

      },

      "dependsOn": [
        "[resourceId('Microsoft.Storage/storageAccounts', variables('jumpboxvm3').storageaccount)]",
        "[resourceId('Microsoft.Network/networkInterfaces', concat(variables('jumpboxvm3').name,'-nic01'))]",
        "[resourceId('Microsoft.Compute/availabilitysets', variables('jumpboxvm3').avname)]"
      ],
      "properties": {
        "availabilitySet": {
          "id": "[resourceId('Microsoft.Compute/availabilitysets', variables('jumpboxvm3').avname)]"

        },

        "hardwareProfile": {
          "vmSize": "[variables('jumpboxvm3').size]"
        },
        "osProfile": {
          "computerName": "[concat(variables('jumpboxvm3').name)]",
          "adminUsername": "[parameters('adminUsername')]",
          "adminPassword": "[parameters('adminPassword')]"
        },
        "storageProfile": {
          "imageReference": {
            "publisher": "[variables('jumpboxvm3').imagePublisher]",
            "offer": "[variables('jumpboxvm3').imageOffer]",
            "sku": "[variables('jumpboxvm3').imagesku]",
            "version": "latest"
          },
          "osDisk": {
            "name": "osdisk",
            "vhd": {
              "uri": "[concat(reference(resourceId('Microsoft.Storage/storageAccounts', variables('jumpboxvm3').storageaccount), '2016-01-01').primaryEndpoints.blob, variables('jumpboxvm3').name, '/', variables('jumpboxvm3').name,'-osdisk', '.vhd')]"
            },
            "caching": "ReadWrite",
            "createOption": "FromImage"
          },
          "dataDisks": [
            {
              "vhd": {
                "uri": "[concat(reference(resourceId('Microsoft.Storage/storageAccounts', variables('jumpboxvm3').storageaccount), '2016-01-01').primaryEndpoints.blob,  variables('jumpboxvm3').name,'/', variables('jumpboxvm3').name,'-Datadisk01', '.vhd')]"
              },
              "name": "[concat(variables('jumpboxvm3').name, '-datadisk1.vhd')]",
              "caching": "None",
              "createOption": "Empty",
              "diskSizeGB": "[variables('jumpboxvm3').datadisk1size]",
              "lun": 0
            }
          ]
        },


        "networkProfile": {
          "networkInterfaces": [
            {
              "id": "[resourceId('Microsoft.Network/networkInterfaces',concat(variables('jumpboxvm3').name,'-nic01'))]"
            }
          ]
        },
        "diagnosticsProfile": {
          "bootDiagnostics": {
            "enabled": true,
            "storageUri": "[reference(resourceId('Microsoft.Storage/storageAccounts', variables('jumpboxvm1').diagstaccount), '2016-01-01').primaryEndpoints.blob]"
          }
        }
      },
      "resources": [

        {
          "apiVersion": "2016-04-30-preview",
          "dependsOn": [
            "[concat('Microsoft.Compute/virtualMachines/', variables('jumpboxvm3').name)]"
          ],
          "location": "[variables('jumpboxvm3').location]",
          "name": "MicrosoftAntimalware",
          "properties": {
            "publisher": "Microsoft.Azure.Security",
            "type": "IaaSAntimalware",
            "typeHandlerVersion": "1.5",
            "settings": {
              "AntimalwareEnabled": "true",
              "RealtimeProtectionEnabled": "true",
              "ScheduledScanSettingsDay": "Saturday",
              "ScheduledScanSettingsIsEnabled": "True",
              "ScheduledScanSettingsScanType": "Full",
              "ScheduledScanSettingsTime": "440"
            }
          },
          "tags": {

          },
          "type": "extensions"
        }
      ]
    }
  ],
  "outputs": {}
}
