{
  "$schema": "https://schema.management.azure.com/schemas/2015-01-01/deploymentTemplate.json",
  "contentVersion": "1.0.0.0",
  "parameters": {
    "alias": {
      "type": "string",
      "metadata": {
        "description": "Enter your Microsoft Alias"
      }
    },
    "sqladminpassword": {
      "type": "securestring",
      "metadata": {
        "description": "Enter Azure SQL Admin Password"
      }
    }
  },
  "variables": {
    "webApp1": {
      "name": "[concat(parameters('alias'),'-primary-01')]",
      "appserviceplan": "[concat(parameters('alias'),'-primary-appplan')]",
      "location": "East US",
      "sku": "Free",
      "workersize": "0",
      "apiname": "[concat(parameters('alias'),'-primaryapi')]"
    },
    "sqlserver1": {
      "name": "[concat(parameters('alias'),'-primary-01')]",
      "location": "East US",
      "adminusername": "mrillsqluser",
      "dbname": "readylabdb",
      "collation": "SQL_Latin1_General_CP1_CI_AS",
      "Edition": "Basic",
      "maxsizebytes": "1073741824",
      "dbserviceobjid": "dd6d99bb-f193-4ec1-86f2-43d3bccbc49c"
    },

    "webApp2": {
      "name": "[concat(parameters('alias'),'-dr-01')]",
      "appserviceplan": "[concat(parameters('alias'),'-dr-appplan')]",
      "location": "West US2",
      "sku": "Free",
      "workersize": "0",
      "apiname": "[concat(parameters('alias'),'-drapi')]"
    },
    "sqlserver2": {
      "name": "[concat(parameters('alias'),'-dr-01')]",
      "location": "West US2",
      "adminusername": "mrillsqluser",
      "dbname": "readylabdb",
      "collation": "SQL_Latin1_General_CP1_CI_AS",
      "edition": "Basic",
      "maxsizebytes": "1073741824",
      "dbserviceobjid": "dd6d99bb-f193-4ec1-86f2-43d3bccbc49c"
    },

    "trafficmanagername": "[concat(parameters('alias'),'trafficmgr')]",
    "trafficRoutingMethod": "Priority",
    "repoUrl": "https://github.com/MSREADYDEMO/readylab",
    "branch": "master"

  },
  "resources": [

    {
      "apiVersion": "2014-04-01-preview",
      "name": "[variables('sqlserver1').name]",
      "type": "Microsoft.Sql/servers",
      "location": "[variables('sqlserver1').location]",
      "tags": {
        "displayName": "SQLServer"
      },
      "properties": {
        "administratorLogin": "[variables('sqlserver1').adminusername]",
        "administratorLoginPassword": "[parameters('sqladminpassword')]"
      },
      "resources": [
        {
          "apiVersion": "2014-04-01-preview",
          "name": "[variables('sqlserver1').dbname]",
          "type": "databases",
          "location": "[variables('sqlserver1').location]",
          "tags": {
            "displayName": "SQLDatabase"
          },
          "dependsOn": [
            "[resourceId('Microsoft.Sql/servers', variables('sqlserver1').name)]"
          ],
          "properties": {
            "edition": "[variables('sqlserver1').edition]",
            "collation": "[variables('sqlserver1').collation]",
            "maxSizeBytes": "[variables('sqlserver1').maxsizebytes]",
            "requestedServiceObjectiveId": "[variables('sqlserver1').dbserviceobjid]"
          }
        },
        {
          "apiVersion": "2014-04-01-preview",
          "name": "SQLServerFirewallRules",
          "type": "firewallrules",
          "location": "[variables('sqlserver1').location]",
          "dependsOn": [
            "[resourceId('Microsoft.Sql/servers', variables('sqlserver1').name)]"
          ],
          "properties": {
            "endIpAddress": "0.0.0.0",
            "startIpAddress": "0.0.0.0"
          }
        }
      ]
    },

    {
      "apiVersion": "2016-03-01",
      "name": "[variables('webApp1').appserviceplan]",
      "type": "Microsoft.Web/serverfarms",
      "location": "[variables('webApp1').location]",
      "properties": {
        "name": "[variables('webApp1').appserviceplan]"
      },
      "tags": {
        "Environment": "Production",
        "Owner": "App Team"
      },
      "sku": {
        "name": "S1",
        "tier": "Standard",
        "size": "S1",
        "family": "S",
        "capacity": 1
      }
    },

    {
      "apiVersion": "2015-04-01",
      "name": "[variables('webApp1').apiname]",
      "type": "Microsoft.Web/sites",
      "location": "[variables('sqlserver1').location]",
      "dependsOn": [
        "[resourceId('Microsoft.Web/serverFarms', variables('webApp1').appserviceplan)]",
        "[resourceId('Microsoft.Sql/servers', variables('sqlserver1').name)]"
      ],
      "properties": {
        "serverFarmId": "[variables('webApp1').appserviceplan]"
      },
      "tags": {
        "Environment": "Production",
        "Owner": "App Team"
      },
      "resources": [
        {
          "apiVersion": "2015-04-01",
          "name": "appsettings",
          "type": "config",
          "dependsOn": [
            "[resourceId('Microsoft.Web/Sites', variables('webApp1').apiname)]"
          ],
          "properties": {
            "PROJECT": "src\\MultiChannelToDo\\MultiChannelToDo.csproj",
            "clientUrl": "[concat('http://', variables('webApp1').name, '.azurewebsites.net')]"
          }
        },
        {
          "apiVersion": "2015-04-01",
          "name": "connectionstrings",
          "type": "config",
          "dependsOn": [
            "[resourceId('Microsoft.Web/Sites', variables('webApp1').apiname)]",
            "[resourceId('Microsoft.Sql/servers', variables('sqlserver1').name)]"
          ],
          "properties": {
            "MultiChannelToDoContext": {
              "value": "[concat('Data Source=tcp:', reference(concat('Microsoft.Sql/servers/', variables('sqlserver1').name)).fullyQualifiedDomainName, ',1433;Initial Catalog=', variables('sqlserver1').dbname, ';User Id=', variables('sqlserver1').adminusername, '@', variables('sqlserver1').name, ';Password=', parameters('sqladminpassword'), ';')]",
              "type": "SQLAzure"
            }
          }
        },
        {
          "apiVersion": "2015-04-01",
          "name": "web",
          "type": "sourcecontrols",
          "dependsOn": [
            "[resourceId('Microsoft.Web/Sites', variables('webApp1').apiname)]",
            "[resourceId('Microsoft.Web/Sites/config', variables('webApp1').apiname, 'appsettings')]",
            "[resourceId('Microsoft.Web/Sites/config', variables('webApp1').apiname, 'connectionstrings')]"
          ],
          "properties": {
            "RepoUrl": "[variables('repoUrl')]",
            "branch": "[variables('branch')]",
            "IsManualIntegration": true
          }
        }
      ]
    },

    {
      "apiVersion": "2015-04-01",
      "name": "[variables('webApp1').name]",
      "type": "Microsoft.Web/sites",
      "location": "[variables('sqlserver1').location]",
      "dependsOn": [
        "[resourceId('Microsoft.Web/serverFarms', variables('webApp1').appserviceplan)]"
      ],
      "tags": {
        "Environment": "Production",
        "Owner": "App Team"
      },
      "properties": {
        "serverFarmId": "[variables('webApp1').appserviceplan]"
      },
      "resources": [
        {
          "apiVersion": "2015-04-01",
          "name": "appsettings",
          "type": "config",
          "dependsOn": [
            "[resourceId('Microsoft.Web/Sites', variables('webApp1').name)]"
          ],
          "properties": {
            "PROJECT": "src\\MultiChannelToDo.Web\\MultiChannelToDo.Web.csproj",
            "apiPath": "[concat('http://', variables('webApp1').apiname, '.azurewebsites.net/api')]"
          }
        },
        {
          "apiVersion": "2015-04-01",
          "name": "web",
          "type": "sourcecontrols",
          "dependsOn": [
            "[resourceId('Microsoft.Web/Sites', variables('webApp1').name)]",
            "[resourceId('Microsoft.Web/Sites/config', variables('webApp1').name, 'appsettings')]"
          ],
          "properties": {
            "RepoUrl": "[variables('repoUrl')]",
            "branch": "[variables('branch')]",
            "IsManualIntegration": true
          }
        }
      ]
    },
    {
      "apiVersion": "2014-04-01-preview",
      "name": "[variables('sqlserver2').name]",
      "type": "Microsoft.Sql/servers",
      "location": "[variables('sqlserver2').location]",
      "tags": {
        "displayName": "SQLServer"
      },
      "properties": {
        "administratorLogin": "[variables('sqlserver2').adminusername]",
        "administratorLoginPassword": "[parameters('sqladminpassword')]"
      },
      "resources": [
        {
          "apiVersion": "2014-04-01-preview",
          "name": "[variables('sqlserver2').dbname]",
          "type": "databases",
          "location": "[variables('sqlserver2').location]",
          "tags": {
            "displayName": "SQLDatabase"
          },
          "dependsOn": [
            "[resourceId('Microsoft.Sql/servers', variables('sqlserver2').name)]"
          ],
          "properties": {
            "edition": "[variables('sqlserver2').edition]",
            "collation": "[variables('sqlserver2').collation]",
            "maxSizeBytes": "[variables('sqlserver2').maxsizebytes]",
            "requestedServiceObjectiveId": "[variables('sqlserver2').dbserviceobjid]"
          }
        },
        {
          "apiVersion": "2014-04-01-preview",
          "name": "SQLServerFirewallRules",
          "type": "firewallrules",
          "location": "[variables('sqlserver2').location]",
          "dependsOn": [
            "[resourceId('Microsoft.Sql/servers', variables('sqlserver2').name)]"
          ],
          "properties": {
            "endIpAddress": "0.0.0.0",
            "startIpAddress": "0.0.0.0"
          }
        }
      ]
    },

    {
      "apiVersion": "2016-03-01",
      "name": "[variables('webapp2').appserviceplan]",
      "type": "Microsoft.Web/serverfarms",
      "location": "[variables('webapp2').location]",
      "properties": {
        "name": "[variables('webapp2').appserviceplan]"
      },
      "tags": {
        "Environment": "DR",
        "Owner": "App Team"
      },
      "sku": {
        "name": "S1",
        "tier": "Standard",
        "size": "S1",
        "family": "S",
        "capacity": 1
      }
    },

    {
      "apiVersion": "2015-04-01",
      "name": "[variables('webapp2').apiname]",
      "type": "Microsoft.Web/sites",
      "location": "[variables('sqlserver2').location]",
      "dependsOn": [
        "[resourceId('Microsoft.Web/serverFarms', variables('webapp2').appserviceplan)]",
        "[resourceId('Microsoft.Sql/servers', variables('sqlserver2').name)]"
      ],
      "tags": {
        "Environment": "DR",
        "Owner": "App Team"
      },
      "properties": {
        "serverFarmId": "[variables('webapp2').appserviceplan]"
      },
      "resources": [
        {
          "apiVersion": "2015-04-01",
          "name": "appsettings",
          "type": "config",
          "dependsOn": [
            "[resourceId('Microsoft.Web/Sites', variables('webapp2').apiname)]"
          ],
          "properties": {
            "PROJECT": "src\\MultiChannelToDo\\MultiChannelToDo.csproj",
            "clientUrl": "[concat('http://', variables('webapp2').name, '.azurewebsites.net')]"
          }
        },
        {
          "apiVersion": "2015-04-01",
          "name": "connectionstrings",
          "type": "config",
          "dependsOn": [
            "[resourceId('Microsoft.Web/Sites', variables('webapp2').apiname)]",
            "[resourceId('Microsoft.Sql/servers', variables('sqlserver2').name)]"
          ],
          "properties": {
            "MultiChannelToDoContext": {
              "value": "[concat('Data Source=tcp:', reference(concat('Microsoft.Sql/servers/', variables('sqlserver2').name)).fullyQualifiedDomainName, ',1433;Initial Catalog=', variables('sqlserver2').dbname, ';User Id=', variables('sqlserver2').adminusername, '@', variables('sqlserver2').name, ';Password=', parameters('sqladminpassword'), ';')]",
              "type": "SQLAzure"
            }
          }
        },
        {
          "apiVersion": "2015-04-01",
          "name": "web",
          "type": "sourcecontrols",
          "dependsOn": [
            "[resourceId('Microsoft.Web/Sites', variables('webapp2').apiname)]",
            "[resourceId('Microsoft.Web/Sites/config', variables('webapp2').apiname, 'appsettings')]",
            "[resourceId('Microsoft.Web/Sites/config', variables('webapp2').apiname, 'connectionstrings')]"
          ],
          "properties": {
            "RepoUrl": "[variables('repoUrl')]",
            "branch": "[variables('branch')]",
            "IsManualIntegration": true
          }
        }
      ]
    },

    {
      "apiVersion": "2015-04-01",
      "name": "[variables('webapp2').name]",
      "type": "Microsoft.Web/sites",
      "location": "[variables('sqlserver2').location]",
      "dependsOn": [
        "[resourceId('Microsoft.Web/serverFarms', variables('webapp2').appserviceplan)]"
      ],
      "tags": {
        "Environment": "DR",
        "Owner": "App Team"
      },
      "properties": {
        "serverFarmId": "[variables('webapp2').appserviceplan]"
      },
      "resources": [
        {
          "apiVersion": "2015-04-01",
          "name": "appsettings",
          "type": "config",
          "dependsOn": [
            "[resourceId('Microsoft.Web/Sites', variables('webapp2').name)]"
          ],
          "properties": {
            "PROJECT": "src\\MultiChannelToDo.Web\\MultiChannelToDo.Web.csproj",
            "apiPath": "[concat('http://', variables('webapp2').apiname, '.azurewebsites.net/api')]"
          }
        },
        {
          "apiVersion": "2015-04-01",
          "name": "web",
          "type": "sourcecontrols",
          "dependsOn": [
            "[resourceId('Microsoft.Web/Sites', variables('webapp2').name)]",
            "[resourceId('Microsoft.Web/Sites/config', variables('webapp2').name, 'appsettings')]"
          ],
          "properties": {
            "RepoUrl": "[variables('repoUrl')]",
            "branch": "[variables('branch')]",
            "IsManualIntegration": true
          }
        }
      ]
    },
    {
      "apiVersion": "2015-11-01",
      "type": "Microsoft.Network/trafficManagerProfiles",
      "name": "[variables('trafficmanagername')]",
      "location": "global",
      "dependsOn": [
        "[concat('Microsoft.Web/sites/',variables('webApp1').name)]",
        "[concat('Microsoft.Web/sites/',variables('webApp2').name)]"
      ],
      "properties": {
        "profileStatus": "Enabled",
        "trafficRoutingMethod": "[variables('trafficRoutingMethod')]",
        "dnsConfig": {
          "relativeName": "[variables('trafficmanagername')]",
          "ttl": 30
        },
        "monitorConfig": {
          "protocol": "HTTPS",
          "port": 443,
          "path": "/"
        },
        "endpoints": [
          {
            "name": "[variables('webApp1').name]",
            "type": "Microsoft.Network/trafficManagerProfiles/azureEndpoints",
            "properties": {
              "targetResourceId": "[resourceId('Microsoft.Web/sites',variables('webApp1').name)]",
              "endpointStatus": "Enabled",
              "priority": 1
            }
          },
          {
            "name": "[variables('webApp2').name]",
            "type": "Microsoft.Network/trafficManagerProfiles/azureEndpoints",
            "properties": {
              "targetResourceId": "[resourceId('Microsoft.Web/sites',variables('webApp2').name)]",
              "endpointStatus": "Enabled",
              "priority": 2
            }
          }
        ]
      }
    }
  ]
}