{
  "$schema": "https://schema.management.azure.com/schemas/2015-01-01/deploymentParameters.json#",
  "contentVersion": "1.0.0.0",
  "parameters": {
    "alias": {
      "value": "praro"
    },
    "sqladminpassword": {
      "reference": {
        "keyVault": {
          "id": "/subscriptions/a35e25e8-95da-4fce-8715-435ac104e73a/resourceGroups/praro-keyvault-rg/providers/Microsoft.KeyVault/vaults/praro-akeyvault"
        },
        "secretName": "adminpassword"
      }
     
      
    }
  }
}