{
  "$schema": "https://schema.management.azure.com/schemas/2015-01-01/deploymentTemplate.json#",
  "contentVersion": "1.0.0.0",
  "parameters": {
    "alias": {
      "type": "string",
      "metadata": {
        "description": "Enter your Microsoft Alias"
      }
    },
    "adminusername": {
      "type": "string",
      "defaultValue": "azure-admin",
      "metadata": {
        "description": "Enter User name for Domain Controller"
      }
    },
    "adminpassword": {
      "type": "securestring",
      "metadata": {
        "description": "Administrator Password for VM's"
      }
    }
   
  },
  "variables": {
    "identityvm": {
      "name": "[concat(parameters('alias'),'-dc0')]",
      "size": "Standard_D11_v2",
      "location": "East US",
      "storagetype": "Standard_LRS",
      "avname": "[concat(parameters('alias'),'-dcavset')]",
      "storageaccount": "[concat(parameters('alias'),take(uniqueString(resourceGroup().id),2),'dcsta')]",
      "iparray": [ "10.10.5.5" ],
      "imagePublisher": "MicrosoftWindowsServer",
      "imageOffer": "WindowsServer",
      "imagesku": "2016-Datacenter",
      "datadisk1size": "100",
      "domain": "[concat(parameters('alias'),'.local')]",
      "confurl": "https://msreadylabcontent.blob.core.windows.net/task3/CreateADPDC.ps1.zip"
    },

    "vnet1rg": "[concat(parameters('alias'),'-network-rg')]",
    "vnet1name": "[Concat(parameters('alias'),'-vnet1')]",
    "vnet1Ref": "[resourceId(variables('vNet1rg'),'Microsoft.Network/virtualNetworks',variables('vNet1name'))]",
    "SubnetRef": "[concat(variables('vnet1Ref'),'/subnets/','Identity')]",

    "diagnosticstorageaccount": "[concat(parameters('alias'),take(uniqueString(resourceGroup().id),2),'dcdiagsta')]"


  },
  "resources": [
    {
      "apiVersion": "2015-06-15",
      "type": "Microsoft.Compute/availabilitySets",
      "name": "[variables('identityvm').avname]",
      "location": "[variables('identityvm').location]",
      "properties": {
        "platformFaultDomainCount": 3,
        "platformUpdateDomainCount": 3
      }

    },
    {
      "type": "Microsoft.Storage/storageAccounts",
      "name": "[variables('identityvm').storageaccount]",
      "apiVersion": "2015-06-15",
      "location": "[variables('identityvm').location]",
      "tags": {
        "Environment": "Production"
      },
      "properties": {
        "accountType": "[variables('identityvm').storagetype]"
      }
    },
    {
      "type": "Microsoft.Storage/storageAccounts",
      "name": "[variables('diagnosticstorageaccount')]",
      "apiVersion": "2015-06-15",
      "location": "[variables('identityvm').location]",
      "tags": {
        "Environment": "Production"
      },
      "properties": {
        "accountType": "[variables('identityvm').storagetype]"
      }
    },
    


    {
      "apiVersion": "2016-03-30",
      "type": "Microsoft.Network/networkInterfaces",
      "name": "[concat(concat(variables('identityvm').name,copyIndex(1),'-nic01'))]",
      "location": "[variables('identityvm').location]",
      "tags": {
      },
      "dependsOn": [
        
      ],
      "copy": {
        "name": "identitynicLoop",
        "count": 1
      },

      "properties": {
        "ipConfigurations": [
          {
            "name": "ipconfig1",
            "properties": {
              "privateIPAllocationMethod": "Static",
              "privateIPAddress": "[variables('identityvm').iparray[copyindex()]]",
              
              "subnet": {
                "id": "[variables('subnetRef')]"
              }


            }
          }
        ]
      }
    },
    {
      "apiVersion": "2016-04-30-preview",
      "type": "Microsoft.Compute/virtualMachines",
      "name": "[concat(variables('identityvm').name,copyIndex(1))]",
      "location": "[variables('identityvm').location]",
      "copy": {
        "name": "identityvmLoop",
        "count": 1
      },
      "tags": {
        "Environment": "Production",
        "Owner": "AD Team"
      },

      "dependsOn": [
        "[resourceId('Microsoft.Storage/storageAccounts/', variables('identityvm').storageaccount)]",
        "identitynicloop",

        "[resourceId('Microsoft.Compute/availabilitysets/', variables('identityvm').avname)]"
      ],
      "properties": {
        "availabilitySet": {
          "id": "[resourceId('Microsoft.Compute/availabilitysets/', variables('identityvm').avname)]"

        },

        "hardwareProfile": {
          "vmSize": "[variables('identityvm').size]"
        },
        "osProfile": {
          "computerName": "[concat(variables('identityvm').name,copyIndex(1))]",
          "adminUsername": "[parameters('adminUsername')]",
          "adminPassword": "[parameters('adminPassword')]"
        },
        "storageProfile": {
          "imageReference": {
            "publisher": "[variables('identityvm').imagePublisher]",
            "offer": "[variables('identityvm').imageOffer]",
            "sku": "[variables('identityvm').imagesku]",
            "version": "latest"
          },
          "osDisk": {
            "name": "osdisk",
            "vhd": {
              "uri": "[concat(reference(resourceId('Microsoft.Storage/storageAccounts', variables('identityvm').storageaccount), '2016-01-01').primaryEndpoints.blob, variables('identityvm').name,copyIndex(1), '/', variables('identityvm').name,copyIndex(1),'-osdisk', '.vhd')]"
            },
            "caching": "ReadWrite",
            "createOption": "FromImage"
          },
          "dataDisks": [
            {
              "vhd": {
                "uri": "[concat(reference(resourceId('Microsoft.Storage/storageAccounts', variables('identityvm').storageaccount), '2016-01-01').primaryEndpoints.blob,  variables('identityvm').name,copyIndex(1), '/', variables('identityvm').name,copyIndex(1),'-Datadisk01', '.vhd')]"
              },
              "name": "[concat(variables('identityvm').name,copyIndex(1), '-datadisk1.vhd')]",
              "caching": "None",
              "createOption": "Empty",
              "diskSizeGB": "[variables('identityvm').datadisk1size]",
              "lun": 0
            }
          ]
        },


        "networkProfile": {
          "networkInterfaces": [
            {
              "id": "[resourceId('Microsoft.Network/networkInterfaces',concat(variables('identityvm').name,copyIndex(1),'-nic01'))]"
            }
          ]
        },
        "diagnosticsProfile": {
          "bootDiagnostics": {
            "enabled": true,
            "storageUri": "[reference(resourceId('Microsoft.Storage/storageAccounts', variables('diagnosticstorageaccount')), '2016-01-01').primaryEndpoints.blob]"
          }
        }
      },
      "resources": [
        {
          "type": "extensions",
          "name": "CreateADForest",
          "apiVersion": "2015-06-15",
          "location": "[variables('identityvm').location]",
          "dependsOn": [
            "[concat('Microsoft.Compute/virtualMachines/', variables('identityvm').name,1)]"
          ],
          "properties": {
            "publisher": "Microsoft.Powershell",
            "type": "DSC",
            "typeHandlerVersion": "2.19",
            "autoUpgradeMinorVersion": true,


            "settings": {
              "ModulesUrl": "[variables('identityvm').confurl]",
              "ConfigurationFunction": "CreateADPDC.ps1\\CreateADPDC",
              "Properties": {
                "DomainName": "[variables('identityvm').domain]",
                "AdminCreds": {
                  "UserName": "[parameters('adminUsername')]",
                  "Password": "PrivateSettingsRef:AdminPassword"
                }
              }
            },
            "protectedSettings": {
              "Items": {
                "AdminPassword": "[parameters('adminPassword')]"
              }
            }
          }
        }
      ]
    }
  ],
    "outputs": {}
  }
