{
  "$schema": "https://schema.management.azure.com/schemas/2015-01-01/deploymentParameters.json#",
  "contentVersion": "1.0.0.0",
  "parameters": {
    "alias": {
      "value": "praro"
    },
    "omsworkspaceid": {
      "value": "4f00f152-4311-4af0-92c2-51c93420fe8b"
    },
    "omsworkspacekey": {
      "value": "NaS6nFE3EgSy49GFyYLSH0rn9nwr7OrJnjDl/eg+HrshKOspwkIvaX2di8lW7tiKCBXaxl32sEze5HzRMFWWJw=="
    },
    "aadclientid": {
      "value": "04409639-bb79-4d9e-92b5-8b685d59664f"
    },
    "adminpassword": {
      "reference": {
        "keyVault": {
          "id": "/subscriptions/a35e25e8-95da-4fce-8715-435ac104e73a/resourceGroups/praro-keyvault-rg/providers/Microsoft.KeyVault/vaults/praro-akeyvault"
        },
        "secretName": "adminpassword"
      }
     
      
    }
  }
}