{
  "$schema": "https://schema.management.azure.com/schemas/2015-01-01/deploymentTemplate.json#",
  "contentVersion": "1.0.0.0",
  "parameters": {
    "alias": {
      "type": "string",
      "metadata": {
        "description": "Enter your Microsoft Alias"
      }
    },
    "adminusername": {
      "type": "string",
      "defaultValue": "azure-admin",
      "metadata": {
        "description": "Enter Username for Virtual Machines"
      }
    },
    "adminpassword": {
      "type": "securestring",
      "metadata": {
        "description": "Enter Admin Passwords for Virtual Machines"
      }
    },
    "omsworkspaceid": {
      "type": "string",
      "metadata": {
        "description": "Enter OMS Client ID"
      }
    },
    "omsworkspacekey": {
      "type": "string",
      "metadata": {
        "description": "Enter OMS Workspace Primary Shared Key"
      }
    },
    "aadclientid": {
      "type": "string",
      "metadata": {
        "description": "The shared key used to establish connection between the two vNet Gateways."
      }
    }
  },
  "variables": {
    "webvm": {
      "name": "[concat(parameters('alias'),'-web0')]",
      "size": "Standard_D11_v2",
      "location": "East US",
      "storagetype": "Standard_LRS",
      "avname": "[concat(parameters('alias'),'-webavset')]",
      "storageaccount": "[concat(parameters('alias'),take(uniqueString(resourceGroup().id),4),'sta')]",
      "iparray": [ "10.10.2.4", "10.10.2.5" ],
      "imagePublisher": "MicrosoftWindowsServer",
      "imageOffer": "WindowsServer",
      "imagesku": "2016-Datacenter",
      "datadisk1size": "100",
      "dscurl": "https://msreadylabcontent.blob.core.windows.net/task4/webserverdsc.ps1.zip",
      "dscfunction": "webserverdsc.ps1\\FourthCoffee"
    },
    "sqlvm": {
      "name": "[concat(parameters('alias'),'-sql0')]",
      "size": "Standard_D11_v2",
      "location": "East US",
      "storagetype": "Standard_LRS",
      "avname": "[concat(parameters('alias'),'-sqlavset')]",
      "storageaccount": "[concat(parameters('alias'),take(uniqueString(resourceGroup().id),3),'sta')]",
      "iparray": [ "10.10.4.4" ],
      "imagePublisher": "MicrosoftSQLServer",
      "imageOffer": "SQL2016SP1-WS2016",
      "imagesku": "Enterprise",
      "datadisk1size": "100",
      "updatevmurl": "https://msreadylabcontent.blob.core.windows.net/task4/updatevm.json"
    },
    "lb": {
      "name": "[concat(parameters('alias'),'-webelb')]",
      "id": "[resourceId('Microsoft.Network/loadBalancers',concat(parameters('alias'),'-webelb'))]",
      "backendpool": "[concat(parameters('alias'),'-backendpool01')]",
      "rulename1": "[concat(parameters('alias'),'-rule01')]",
      "feipname": "[concat(parameters('alias'),'-frontendpool01')]",
      "feipid": "[concat(variables('lbid'),'/frontendIPConfigurations/',parameters('alias'),'-frontendpool01')]",
      "beid": "[concat(variables('lbid'),'/backendAddressPools/',parameters('alias'),'-backendpool01')]",
      "pip": "[concat(parameters('alias'),'-webelb-pip01')]",
      "pipid": "[resourceId('Microsoft.Network/publicIPAddresses',concat(parameters('alias'),'-webelb-pip01'))]",
      "probename": "[concat(parameters('alias'),'-probe01')]",
      "probeid": "[concat(variables('lbid'),'/probes/',parameters('alias'),'-probe01')]",
      "domainlabel": "[concat(parameters('alias'),'-elb')]"

    },

    "lbid": "[resourceId('Microsoft.Network/loadBalancers',concat(parameters('alias'),'-webelb'))]",
    "vnet1rg": "[concat(parameters('alias'),'-network-rg')]",
    "vnet1name": "[Concat(parameters('alias'),'-vnet1')]",
    "vnet1Ref": "[resourceId(variables('vNet1rg'),'Microsoft.Network/virtualNetworks',variables('vNet1name'))]",
    "SubnetRef": "[concat(variables('vnet1Ref'),'/subnets/','Web')]",
    "sqlSubnetRef": "[concat(variables('vnet1Ref'),'/subnets/','Data')]",
    "diagnosticstorageaccount": "[concat(parameters('alias'),take(uniqueString(resourceGroup().id),2),'diagstorage')]",
    "extensionName": "AzureDiskEncryption",
    "extensionVersion": "1.1",
    "encryptionOperation": "EnableEncryption",
    "keyEncryptionAlgorithm": "RSA-OAEP",
    "aadClientSecret": "abc123",
    "keyvaultname": "[concat(parameters('alias'),'-akeyvault')]",
    "keyVaultURL": "[concat('https://', Variables('keyvaultname'), '.vault.azure.net/')]",
    "keyVaultResourceGroup": "[concat(parameters('alias'),'-keyvault-rg')]",
    "keyVaultResourceID": "[concat(subscription().id,'/resourceGroups/',variables('keyVaultResourceGroup'),'/providers/Microsoft.KeyVault/vaults/', variables('keyVaultName'))]"
  },
  "resources": [
    {
      "apiVersion": "2015-05-01-preview",
      "name": "[variables('lb').name]",
      "type": "Microsoft.Network/loadBalancers",
      "location": "[variables('webvm').location]",
      "dependsOn": [
        "[resourceId('Microsoft.Network/publicIPAddresses/', variables('lb').pip)]"
      ],
      "properties": {
        "frontendIPConfigurations": [
          {
            "name": "[variables('lb').feipname]",
            "properties": {

              "publicIPAddress": {
                "id": "[variables('lb').pipid]"
              }
            }

          }
        ],
        "backendAddressPools": [
          {
            "name": "[variables('lb').backendpool]"
          }
        ],
        "loadBalancingRules": [
          {
            "properties": {
              "frontendIPConfiguration": {
                "id": "[variables('lb').FEIPID]"
              },
              "backendAddressPool": {
                "id": "[variables('lb').BEID]"
              },
              "probe": {
                "id": "[variables('lb').probeid]"
              },
              "protocol": "Tcp",
              "frontendPort": 80,
              "backendPort": 80,
              "idleTimeoutInMinutes": 5
            },
            "name": "[variables('lb').rulename1]"
          }
        ],
        "probes": [
          {
            "properties": {
              "protocol": "Http",
              "port": 80,
              "intervalInSeconds": 15,
              "numberOfProbes": 2,
              "requestPath": "/"
            },
            "name": "[variables('lb').probename]"
          }
        ]
      }
    },
    {
      "apiVersion": "2015-06-15",
      "type": "Microsoft.Compute/availabilitySets",
      "name": "[variables('webvm').avname]",
      "location": "[variables('webvm').location]",
      "properties": {
        "platformFaultDomainCount": 3,
        "platformUpdateDomainCount": 3
      }
    },
    {
      "apiVersion": "2015-06-15",
      "type": "Microsoft.Compute/availabilitySets",
      "name": "[variables('sqlvm').avname]",
      "location": "[variables('sqlvm').location]",
      "properties": {
        "platformFaultDomainCount": 3,
        "platformUpdateDomainCount": 3
      }
    },
    {
      "type": "Microsoft.Storage/storageAccounts",
      "name": "[variables('webvm').storageaccount]",
      "apiVersion": "2015-06-15",
      "location": "[variables('webvm').location]",
      "tags": {

      },
      "properties": {
        "accountType": "[variables('webvm').storagetype]"
      }
    },
    {
      "type": "Microsoft.Storage/storageAccounts",
      "name": "[variables('sqlvm').storageaccount]",
      "apiVersion": "2015-06-15",
      "location": "[variables('sqlvm').location]",
      "tags": {

      },
      "properties": {
        "accountType": "[variables('sqlvm').storagetype]"
      }
    },
    {
      "type": "Microsoft.Storage/storageAccounts",
      "name": "[variables('diagnosticstorageaccount')]",
      "apiVersion": "2015-06-15",
      "location": "[variables('webvm').location]",
      "tags": {

      },
      "properties": {
        "accountType": "[variables('webvm').storagetype]"
      }
    },
    
    {
      "apiVersion": "2016-03-30",
      "type": "Microsoft.Network/publicIPAddresses",
      "name": "[variables('lb').pip]",
      "location": "[variables('webvm').location]",
      "tags": {

      },
      "properties": {
        "publicIPAllocationMethod": "Dynamic",
        "dnsSettings": {
          "domainNameLabel": "[variables('lb').domainlabel]"
        }
      }
    },


    {
      "apiVersion": "2016-03-30",
      "type": "Microsoft.Network/networkInterfaces",
      "name": "[concat(concat(variables('webvm').name,copyIndex(1),'-nic01'))]",
      "location": "[variables('webvm').location]",
      "tags": {
      },
      "dependsOn": [
       
        "[variables('lb').id]"
      ],
      "copy": {
        "name": "webnicLoop",
        "count": 2
      },

      "properties": {
        "ipConfigurations": [
          {
            "name": "ipconfig1",
            "properties": {
              "privateIPAllocationMethod": "Static",
              "privateIPAddress": "[variables('webvm').iparray[copyindex()]]",
              "subnet": {
                "id": "[variables('subnetRef')]"
              },
              "loadBalancerBackendAddressPools": [
                {
                  "id": "[variables('lb').beid]"

                }
              ]

            }
          }
        ]
      }
    },

    {
      "apiVersion": "2016-03-30",
      "type": "Microsoft.Network/networkInterfaces",
      "name": "[concat(concat(variables('sqlvm').name,copyIndex(1),'-nic01'))]",
      "location": "[variables('sqlvm').location]",
      "tags": {
      },
      "dependsOn": [

      ],
      "copy": {
        "name": "sqlnicLoop",
        "count": 1
      },

      "properties": {
        "ipConfigurations": [
          {
            "name": "ipconfig1",
            "properties": {
              "privateIPAllocationMethod": "Static",
              "privateIPAddress": "[variables('sqlvm').iparray[copyindex()]]",

              "subnet": {
                "id": "[variables('sqlsubnetRef')]"
              }


            }
          }
        ]
      }
    },
    {
      "apiVersion": "2016-04-30-preview",
      "type": "Microsoft.Compute/virtualMachines",
      "name": "[concat(variables('webvm').name,copyIndex(1))]",
      "location": "[variables('webvm').location]",
      "copy": {
        "name": "webvmLoop",
        "count": 2
      },
      "tags": {

      },

      "dependsOn": [
        "[resourceId('Microsoft.Storage/storageAccounts', variables('webvm').storageaccount)]",
        "webnicloop",

        "[resourceId('Microsoft.Compute/availabilitysets', variables('webvm').avname)]"
      ],
      "properties": {
        "availabilitySet": {
          "id": "[resourceId('Microsoft.Compute/availabilitysets', variables('webvm').avname)]"

        },

        "hardwareProfile": {
          "vmSize": "[variables('webvm').size]"
        },
        "osProfile": {
          "computerName": "[concat(variables('webvm').name,copyIndex(1))]",
          "adminUsername": "[parameters('adminUsername')]",
          "adminPassword": "[parameters('adminPassword')]"
        },
        "storageProfile": {
          "imageReference": {
            "publisher": "[variables('webvm').imagePublisher]",
            "offer": "[variables('webvm').imageOffer]",
            "sku": "[variables('webvm').imagesku]",
            "version": "latest"
          },
          "osDisk": {
            "name": "osdisk",
            "vhd": {
              "uri": "[concat(reference(resourceId('Microsoft.Storage/storageAccounts', variables('webvm').storageaccount), '2016-01-01').primaryEndpoints.blob, variables('webvm').name,copyIndex(1), '/', variables('webvm').name,copyIndex(1),'-osdisk', '.vhd')]"
            },
            "caching": "ReadWrite",
            "createOption": "FromImage"
          },
          "dataDisks": [
            {
              "vhd": {
                "uri": "[concat(reference(resourceId('Microsoft.Storage/storageAccounts', variables('webvm').storageaccount), '2016-01-01').primaryEndpoints.blob,  variables('webvm').name,copyIndex(1), '/', variables('webvm').name,copyIndex(1),'-Datadisk01', '.vhd')]"
              },
              "name": "[concat(variables('webvm').name,copyIndex(1), '-datadisk1.vhd')]",
              "caching": "None",
              "createOption": "Empty",
              "diskSizeGB": "[variables('webvm').datadisk1size]",
              "lun": 0
            }
          ]
        },


        "networkProfile": {
          "networkInterfaces": [
            {
              "id": "[resourceId('Microsoft.Network/networkInterfaces',concat(variables('webvm').name,copyIndex(1),'-nic01'))]"
            }
          ]
        },
        "diagnosticsProfile": {
          "bootDiagnostics": {
            "enabled": true,
            "storageUri": "[reference(resourceId('Microsoft.Storage/storageAccounts', variables('diagnosticstorageaccount')), '2016-01-01').primaryEndpoints.blob]"
          }
        }
      },
      "resources": [
        {
          "type": "extensions",
          "name": "OMSExtension",
          "apiVersion": "2015-06-15",
          "location": "[variables('webvm').location]",
          "dependsOn": [
            "[concat('Microsoft.Compute/virtualMachines/', variables('webvm').name,copyIndex(1))]"
          ],
          "properties": {
            "publisher": "Microsoft.EnterpriseCloud.Monitoring",
            "type": "MicrosoftMonitoringAgent",
            "typeHandlerVersion": "1.0",
            "autoUpgradeMinorVersion": true,
            "settings": {
              "workspaceId": "[parameters('omsworkspaceid')]"
            },
            "protectedSettings": {
              "workspaceKey": "[parameters('omsworkspacekey')]"
            }
          }
        },
        {
          "apiVersion": "2016-04-30-preview",
          "dependsOn": [
            "[concat('Microsoft.Compute/virtualMachines/', variables('webvm').name,copyIndex(1))]"
          ],
          "location": "[variables('webvm').location]",
          "name": "MicrosoftAntimalware",
          "properties": {
            "publisher": "Microsoft.Azure.Security",
            "type": "IaaSAntimalware",
            "typeHandlerVersion": "1.5",
            "settings": {
              "AntimalwareEnabled": "true",
              "RealtimeProtectionEnabled": "true",
              "ScheduledScanSettingsDay": "Saturday",
              "ScheduledScanSettingsIsEnabled": "True",
              "ScheduledScanSettingsScanType": "Full",
              "ScheduledScanSettingsTime": "440"
            }
          },
          "tags": {

          },
          "type": "extensions"
        },
        {
          "name": "[concat(variables('webvm').name,copyIndex(1))]",
          "type": "extensions",
          "location": "[variables('webvm').location]",
          "apiVersion": "2015-06-15",
          "dependsOn": [
            "[concat('Microsoft.Compute/virtualMachines/', variables('webvm').name,copyIndex(1))]"
          ],
          "tags": {

          },
          "properties": {
            "publisher": "Microsoft.Powershell",
            "type": "DSC",
            "typeHandlerVersion": "2.19",
            "autoUpgradeMinorVersion": true,
            "settings": {
              "modulesUrl": "[variables('webvm').dscurl]",
              "configurationFunction": "[variables('webvm').dscfunction]",
              "properties": {

              }
            },
            "protectedSettings": {
              "Items": {

              }
            }
          }
        }



      ]

    },
    {
      "apiVersion": "2016-04-30-preview",
      "type": "Microsoft.Compute/virtualMachines",
      "name": "[concat(variables('sqlvm').name,copyIndex(1))]",
      "location": "[variables('sqlvm').location]",
      "copy": {
        "name": "sqlvmLoop",
        "count": 1
      },
      "tags": {

      },

      "dependsOn": [
        "[resourceId('Microsoft.Storage/storageAccounts', variables('sqlvm').storageaccount)]",
        "sqlnicloop",

        "[resourceId('Microsoft.Compute/availabilitysets', variables('sqlvm').avname)]"
      ],
      "properties": {
        "availabilitySet": {
          "id": "[resourceId('Microsoft.Compute/availabilitysets/', variables('sqlvm').avname)]"

        },

        "hardwareProfile": {
          "vmSize": "[variables('sqlvm').size]"
        },
        "osProfile": {
          "computerName": "[concat(variables('sqlvm').name,copyIndex(1))]",
          "adminUsername": "[parameters('adminUsername')]",
          "adminPassword": "[parameters('adminPassword')]"
        },
        "storageProfile": {
          "imageReference": {
            "publisher": "[variables('sqlvm').imagePublisher]",
            "offer": "[variables('sqlvm').imageOffer]",
            "sku": "[variables('sqlvm').imagesku]",
            "version": "latest"
          },
          "osDisk": {
            "name": "osdisk",
            "vhd": {
              "uri": "[concat(reference(resourceId('Microsoft.Storage/storageAccounts', variables('sqlvm').storageaccount), '2016-01-01').primaryEndpoints.blob, variables('sqlvm').name,copyIndex(1), '/', variables('sqlvm').name,copyIndex(1),'-osdisk', '.vhd')]"
            },
            "caching": "ReadWrite",
            "createOption": "FromImage"
          },
          "dataDisks": [
            {
              "vhd": {
                "uri": "[concat(reference(resourceId('Microsoft.Storage/storageAccounts', variables('sqlvm').storageaccount), '2016-01-01').primaryEndpoints.blob,  variables('sqlvm').name,copyIndex(1), '/', variables('sqlvm').name,copyIndex(1),'-Datadisk01', '.vhd')]"
              },
              "name": "[concat(variables('sqlvm').name,copyIndex(1), '-datadisk1.vhd')]",
              "caching": "None",
              "createOption": "Empty",
              "diskSizeGB": "[variables('sqlvm').datadisk1size]",
              "lun": 0
            }
          ]
        },


        "networkProfile": {
          "networkInterfaces": [
            {
              "id": "[resourceId('Microsoft.Network/networkInterfaces',concat(variables('sqlvm').name,copyIndex(1),'-nic01'))]"
            }
          ]
        },
        "diagnosticsProfile": {
          "bootDiagnostics": {
            "enabled": true,
            "storageUri": "[reference(resourceId('Microsoft.Storage/storageAccounts', variables('diagnosticstorageaccount')), '2016-01-01').primaryEndpoints.blob]"
          }
        }
      },
      "resources": [
        {
          "type": "extensions",
          "name": "OMSExtension",
          "apiVersion": "2015-06-15",
          "location": "[variables('sqlvm').location]",
          "dependsOn": [
            "[concat('Microsoft.Compute/virtualMachines/', variables('sqlvm').name,1)]"

          ],
          "properties": {
            "publisher": "Microsoft.EnterpriseCloud.Monitoring",
            "type": "MicrosoftMonitoringAgent",
            "typeHandlerVersion": "1.0",
            "autoUpgradeMinorVersion": true,
            "settings": {
              "workspaceId": "[parameters('omsworkspaceid')]"
            },
            "protectedSettings": {
              "workspaceKey": "[parameters('omsworkspacekey')]"
            }
          }
        },
        {
          "apiVersion": "2015-05-01-preview",
          "dependsOn": [
            "[concat('Microsoft.Compute/virtualMachines/', variables('sqlvm').name,1)]"
          ],
          "location": "[variables('sqlvm').location]",
          "name": "MicrosoftAntimalware",
          "properties": {
            "publisher": "Microsoft.Azure.Security",
            "type": "IaaSAntimalware",
            "typeHandlerVersion": "1.5",
            "settings": {
              "AntimalwareEnabled": "true",
              "RealtimeProtectionEnabled": "true",
              "ScheduledScanSettingsDay": "Saturday",
              "ScheduledScanSettingsIsEnabled": "True",
              "ScheduledScanSettingsScanType": "Full",
              "ScheduledScanSettingsTime": "440"
            }
          },
          "tags": {

          },
          "type": "extensions"
        },

        {
          "type": "extensions",
          "name": "AzureDiskEncryption",
          "apiVersion": "2016-04-30-preview",
          "location": "[variables('sqlvm').location]",
          "dependsOn": [
            "[concat('Microsoft.Compute/virtualMachines/',variables('sqlvm').name,copyIndex(1))]"
          ],
          "properties": {
            "publisher": "Microsoft.Azure.Security",
            "type": "AzureDiskEncryption",
            "typeHandlerVersion": "[variables('extensionVersion')]",
            "autoUpgradeMinorVersion": true,
            "forceUpdateTag": 1.1,
            "settings": {
              "AADClientID": "[parameters('aadClientID')]",
              "KeyVaultURL": "[variables('keyVaultURL')]",
              "KeyEncryptionAlgorithm": "[variables('keyEncryptionAlgorithm')]",
              "VolumeType": "All",
              "EncryptionOperation": "[variables('encryptionOperation')]"
            },
            "protectedSettings": {
              "AADClientSecret": "[variables('aadClientSecret')]"
            }
          }
        }

      ]
    },
    {
      "name": "updatevm",
      "type": "Microsoft.Resources/deployments",
      "apiVersion": "2015-01-01",
      "dependsOn": [
        "[resourceId('Microsoft.Compute/virtualMachines/extensions', concat( variables('sqlvm').name,'1'), 'AzureDiskEncryption')]"
      ],
      "properties": {
        "mode": "Incremental",
        "templateLink": {
          "uri": "[variables('sqlvm').updatevmurl]",
          "contentVersion": "1.0.0.0"
        },
        "parameters": {
          "vmName": {
            "value": "[concat(variables('sqlvm').name,'1')]"
          },
          "keyVaultResourceID": {
            "value": "[variables('keyVaultResourceID')]"
          },
          "keyVaultSecretUrl": {
            "value": "[reference(resourceId('Microsoft.Compute/virtualMachines/extensions',  concat(variables('sqlvm').name,'1'), variables('extensionName'))).instanceView.statuses[0].message]"
          }

        }
      }
    }
  ],
  "outputs": {}
}
