﻿{
    "$schema": "https://schema.management.azure.com/schemas/2015-01-01/deploymentTemplate.json#",
    "contentVersion": "1.0.0.0",
    "parameters": {
      "vmName": {
        "type": "string",
        "metadata": {
          "description": "Name of the Virtual Machine"
        }
      },
        "keyVaultResourceID": {
            "type": "string",
            "metadata": {
                "description": "KeyVault resource id. "
            }
        },
        "keyVaultSecretUrl": {
            "type": "string",
            "metadata": {
                "description": "KeyVault secret Url."
            }
        }
    },
    "resources": [
        {
            "apiVersion": "2016-04-30-preview",
            "type": "Microsoft.Compute/virtualMachines",
            "name": "[parameters('vmName')]",
            "location": "[resourceGroup().location]",
            "properties": {
                "storageProfile": {
                    "osDisk": {
                        "encryptionSettings": {
                            "diskEncryptionKey": {
                                "sourceVault": {
                                    "id": "[parameters('keyVaultResourceID')]"
                                },
                                "secretUrl": "[parameters('keyVaultSecretUrl')]"
                            }
                        }
                    }
                }
            }
        }
    ]
}